<?xml version="1.0" encoding="UTF-8"?>
<!DOCTYPE suite SYSTEM "http://testng.org/testng-1.0.dtd">
<suite name="Fieldwire Test Suite">

    <listeners>
        <listener class-name="com.fieldwire.util.ExtentReporterNG"></listener>
        <listener class-name="com.fieldwire.util.Listeners"></listener>
    </listeners>

    <test verbose="2" preserve-order="true" name="C:/Users/jenso/OneDrive/Documents/Fieldwire/com.Fieldwire">
        <classes>
            <class name="com.fieldwire.testcases.CreateProjectTest"></class>
            <class name="com.fieldwire.testcases.LoginTest"></class>
            <class name="com.fieldwire.testcases.SignUpTest"></class>
            <class name="com.fieldwire.testcases.TaskActivitiesTest"></class>
        </classes>
    </test>
</suite>